Name,Domain
ABC11 Eyewitness News,http://abc11.com/
ABC News,http://abcnews.go.com/
Above the Law,http://abovethelaw.com/
Aeon,https://aeon.co/
Affinity Magazine,http://affinitymagazine.us/
African Arguments,http://africanarguments.org/
Al-Hayat,http://www.alhayat.com/
Al Jazeera,http://www.aljazeera.com/
Al-Masdar News (AMN),https://www.almasdarnews.com
Al Monitor,http://www.al-monitor.com/pulse/home.html
Al-Sura,https://al-sura.com
Alan Guttmacher Institute,https://www.guttmacher.org/
Alaska Dispatch News,http://www.adn.com/
Albany Times-Union,http://www.timesunion.com/
Allied Progress,https://alliedprogress.org
Akron Beacon Journal,http://www.ohio.com/
AM New York,http://www.amny.com/
America Magazine,http://www.americamagazine.org/
American Civil Liberties Union (ACLU),https://www.aclu.org/
Anniston Star,https://www.annistonstar.com
Anti-Defamation League,http://www.adl.org/
American Public Media (APR),https://www.americanpublicmedia.org
AOL,https://www.aol.com/
APM Reports,https://www.apmreports.org/
Ara News,http://aranews.net/
Arizona Daily Star,http://tucson.com/
Arizona Daily Sun,http://azdailysun.com
Asheville Citizen-Times,http://www.citizen-times.com/
Atavist Magazine,https://magazine.atavist.com/
Atlanta Black Star,http://atlantablackstar.com/
Atlanta Journal-Constitution,http://www.ajc.com/
(The)Atlantic,https://www.theatlantic.com/
Atlantic Media,http://www.atlanticmedia.com/
ATTN:,http://www.attn.com/
Austin American-Statesman,http://www.statesman.com/
Axios,https://www.axios.com/
BackChannel,https://backchannel.com/
Baltimore Sun,http://www.baltimoresun.com/
Bangor Daily News,http://bangordailynews.com
Baptist News Global,https://baptistnews.com/
Battle Creek Enquirer,https://www.battlecreekenquirer.com
BBC,http://www.bbc.com/news
Beijing Review,http://www.bjreview.com/
Berkeleyside,http://www.berkeleyside.com
Berkshire Eagle,http://www.berkshireeagle.com/
BillMoyers.com,http://billmoyers.com/
Bing News,https://www.bing.com/news</a>/</p>
Birmingham Mail,http://www.birminghammail.co.uk
BlastingNews,http://us.blastingnews.com/
Bloomberg,https://www.bloomberg.com/
Bluestem Prairie,http://www.bluestemprairie.com/
Boston Globe,https://www.bostonglobe.com/
Boy Genius Report (BGR),http://bgr.com/
Brennan Center for Justice,https://www.brennancenter.org/
Brookings Institute,https://www.brookings.edu/
Buffalo News,http://www.buffalonews.com/
Business Insider,http://www.businessinsider.com/
Bustle Magazine,https://www.bustle.com/
Buzzfeed,https://www.buzzfeed.com/
Calgary Herald,http://calgaryherald.com/
CalWatchdog.com,https://calwatchdog.com
Canadaland,http://www.canadalandshow.com
Capital Gazette,http://www.capitalgazette.com/
Carolina Public Press,http://carolinapublicpress.org/
Caribbean Life News,https://www.caribbeanlifenews.com/
CBC News,http://www.cbc.ca/news
CBS News,http://www.cbsnews.com/
CCTV America,http://www.cctv-america.com/
Center for International Policy,https://www.ciponline.org/
Center for Popular Democracy,http://populardemocracy.org/
Center on Budget and Policy Priorities,http://www.cbpp.org/
Charleston Gazette-Mail,http://www.wvgazettemail.com/
Charlotte Observer,http://www.charlotteobserver.com/
Chicago Reporter,http://chicagoreporter.com/
Chicago Sun Times,http://chicago.suntimes.com/
Citizens for Legitimate Government,http://www.legitgov.org/
Citizens for Responsibility and Ethics in Washington (CREW),https://www.citizensforethics.org
Citizens for Tax Justice,http://ctj.org/
Citizen Truth,https://citizentruth.org
Clean Technica,https://cleantechnica.com/
CNBC,http://www.cnbc.com/
Columbia Journalism Review (CJR),http://www.cjr.org/
Columbia Reports,https://colombiareports.com
Committee to Investigate Russia,https://investigaterussia.org
Common Cause,http://www.commoncause.org
Commonweal Magazine,https://www.commonwealmagazine.org
Commonwealth Fund,http://www.commonwealthfund.org/
Corporate Presidency,https://corporatepresidency.org
Council for the National Interest,http://www.councilforthenationalinterest.org/
Credo Action,http://credoaction.com/
Crosscut.com,http://crosscut.com/
CTV News,http://www.ctvnews.ca/
Daily Hive,http://dailyhive.com/
Dawn,https://www.dawn.com/
DCReport.org,https://www.dcreport.org/
Deadline Hollywood,http://deadline.com/
Deccan Herald,http://www.deccanherald.com/
Delaware Online  News Journal,http://www.delawareonline.com/
Democracy 21,http://www.democracy21.org/
Democrat and Chronicle,http://www.democratandchronicle.com/
Demos,http://www.demos.org
Denver Post,http://www.denverpost.com/
Detroit Free Press,http://www.freep.com/
Die Zeit,http://www.zeit.de/english/index
Digg,http://digg.com/
DiversityInc,http://www.diversityinc.com
Dutch Daily News,http://www.dutchdailynews.com/
Dutch Review,https://dutchreview.com/
DW News (Deutsche Welle),http://www.dw.com/en/top-stories/s-9097
EarthJustice,https://earthjustice.org
East Bay Times,http://www.eastbaytimes.com/
Economic Policy Institute,http://www.epi.org/
Economics.Help,https://www.economicshelp.org
Edmonton Journal,http://edmontonjournal.com/
Egyptian Streets,https://egyptianstreets.com/
Electronic Frontier Foundation,https://www.eff.org/
El Pais,http://elpais.com/elpais/inenglish.html
El Paso Times,http://www.elpasotimes.com/
Emirates 24/7,http://www.emirates247.com/
Empty Wheel,https://www.emptywheel.net/
Engadget,https://www.engadget.com/
Euractiv,http://www.euractiv.com/
EU Observer,https://euobserver.com/
Exposing the Truth,https://www.exposingtruth.com/
Factbox.TV,http://factbox.tv/
Fact/Myth,http://factmyth.com/
Fairness Accuracy in Reporting (FAIR),http://fair.org/
FairVote,http://www.fairvote.org/
Fast Company,https://www.fastcompany.com/
Feminist Frequency,https://feministfrequency.com/
Fight for the Future,https://www.fightforthefuture.org
FiveThirtyEight,https://fivethirtyeight.com/
Foreign Policy in Focus,http://fpif.org/
Fort Worth Weekly,https://www.fwweekly.com/
France24,http://www.france24.com/en/
Freakonomics,http://freakonomics.com/
Free Press,http://www.freepress.net/
Fresno Bee,http://www.fresnobee.com/
Fusion,http://fusion.kinja.com/
Gay Star News,https://www.gaystarnews.com/
Geopolitics Alert,http://geopoliticsalert.com
Greensboro News and Record,http://www.greensboro.com/
Greentech Media,https://www.greentechmedia.com/
Glamour Magazine,http://www.glamour.com/
Global Citizen,https://www.globalcitizen.org/en/
Global News,http://globalnews.ca/
Global Post,http://www.pri.org/programs/globalpost
Global Risk Insights,http://globalriskinsights.com
Global Times,http://www.globaltimes.cn/
Google News,https://news.google.com/
Governing Magazine,http://www.governing.com/
Grist,http://grist.org/
Haaretz,http://www.haaretz.com/
Harpers,http://harpers.org/
Hartford Courant,http://www.courant.com/
Health Magazine,http://www.health.com
HealthyWay,https://www.healthyway.com
Heavy.com,http://heavy.com/
Helsinki Times,http://www.helsinkitimes.fi/
High Country News,https://www.hcn.org
Highline,http://highline.huffingtonpost.com
Hindustan Times,http://www.hindustantimes.com/
History News Network,http://historynewsnetwork.org/
Hollywood Reporter,http://www.hollywoodreporter.com/
Honolulu Star-Advertiser,http://www.staradvertiser.com/
Houston Chronicle,https://www.houstonchronicle.com/
Human Rights Watch,https://www.hrw.org/
Humanium,https://www.humanium.org
Hurriyet Daily News,http://www.hurriyetdailynews.com/
Ice News,http://www.icenews.is/
If Americans Knew,http://ifamericaknew.org/
Independent Australia,https://independentaustralia.net/
Independent Media Center,https://www.indymedia.org/or/index.shtml
Indianapolis Star,http://www.indystar.com/
iNews,https://inews.co.uk/
Inquisitr,http://www.inquisitr.com/news/
InsideClimate News,https://insideclimatenews.org/
Inside Higher Ed,https://www.insidehighered.com/
Inside Philanthropy,https://www.insidephilanthropy.com
Institute for Middle East Understanding (IMEU),https://imeu.org
Institute on Taxation and Economic Policy (ITEP),https://itep.org/
International Business Times,http://www.ibtimes.com/
International Center for Research on Women,http://www.icrw.org/
International Crisis Group,https://www.crisisgroup.org/
Inter Press Service (IPS),http://www.ips.org
Inverse,https://www.inverse.com
iPolitics,http://ipolitics.ca/
IRIN News,http://www.irinnews.org/
Jihadica,http://www.jihadica.com/</a></span></p>
Joint Center for Political and Economic Studies,http://jointcenter.org/
Journal of Politics and Society,http://www.helvidius.org/
Kansas City Star,http://www.kansascity.com/
Knight Foundation,http://www.knightfoundation.org/
KMOV-St. Louis,http://www.kmov.com/
KOKO News 5,http://www.koco.com/
Kotaku,https://kotaku.com
KUOW NPR,http://kuow.org/
Kurdistan 24,http://www.kurdistan24.net
Kyiv Post,https://www.kyivpost.com
La Presse,http://www.lapresse.ca/
LA Times,http://www.latimes.com/
Latin Times,http://www.latintimes.com/
Lawfare Blog,https://www.lawfareblog.com/
Law Newz,http://lawnewz.com/
Left Justified,http://www.leftjustified.com/
Lethbridge Herald,http://lethbridgeherald.com/
Lexington Herald Leader,http://www.kentucky.com/
Liberal Mountain,http://www.liberalmountain.com/
Lifehacker,https://lifehacker.com/
Liveleak,https://www.liveleak.com/
Macleans Magazine,http://www.macleans.ca/
Maine Beacon,http://mainebeacon.com/
Mediafile,http://www.mediafiledc.com
Medium,https://medium.com/
Metro,http://www.metro.us/
Metro UK,http://metro.co.uk/
Mexico Daily News,http://mexiconewsdaily.com/
Miami Herald,http://www.miamiherald.com/
Mic,https://mic.com/
Migration Policy Institute,https://www.migrationpolicy.org
Milwaukee Journal-Sentinel,http://www.jsonline.com/
Minneapolis Star Tribune,http://www.startribune.com/
Minnesota Public Radio (MPR),https://www.mprnews.org/
MinnPost,https://www.minnpost.com
Mint Press News,http://www.mintpressnews.com/
Mongabay,https://news.mongabay.com
Monthly Review,http://monthlyreview.org/
Montreal Gazette,http://montrealgazette.com/
Morning Consult,https://morningconsult.com/
Moscow Times,https://themoscowtimes.com/feeds/main.xml
Mother Nature Network,https://www.mnn.com
Mountain Democrat,https://www.mtdemocrat.com
MSN,http://www.msn.com/
Muncie Voice,http://www.muncievoice.com/
MWC News  Media with Conscience,http://mwcnews.net/
Naked Capitalism,http://www.nakedcapitalism.com/
Naples Daily News,https://www.naplesnews.com
National Association for the Advancement of Colored People (NAACP),http://www.naacp.org/
National Center for Transgender Equality (NCTE),https://transequality.org
National Monitor,http://natmonitor.com/
National Newswatch (Canada),http://www.nationalnewswatch.com/
National Observer (Canada),http://www.nationalobserver.com/
National Youth Rights Association,http://www.youthrights.org/
Natural Resources Defense Council,https://www.nrdc.org/
Natural Resource Governance Institute,http://www.resourcegovernance.org/
Nature Conservancy,https://www.nature.org
NBC News,http://www.nbcnews.com/
NC Policy Watch,http://www.ncpolicywatch.com/
NDTV,https://www.ndtv.com/
Need 2 Know,http://theneed2know.com/
New England Cable News (NECN),http://www.necn.com/
News Channel 4 (KFOR.com),http://kfor.com/
News.com.au,http://www.news.com.au/
Newsday,http://www.newsday.com/
News Deeply,https://www.newsdeeply.com
NewGru,https://newsgru.com
Newser,http://www.newser.com
NewsOne,https://newsone.com/
Newsy,http://www.newsy.com/
New Europe,https://www.neweurope.eu/
New Left Review,https://newleftreview.org/
New Matilda,https://newmatilda.com/
New Moderate,https://newmoderate.com/
New York Daily News,http://www.nydailynews.com/
News and Guts,https://www.newsandgutsmedia.com/
NPR,http://www.npr.org/sections/news/
New York Times,https://www.nytimes.com/
OC Weekly,http://www.ocweekly.com/
Odyssey Online,https://www.theodysseyonline.com
Oil and Water Don&#8217;t Mix,http://www.oilandwaterdontmix.org/
openDemocracy,https://www.opendemocracy.net/
Opposing Views,http://www.opposingviews.com/
OneIndia,https://www.oneindia.com/
Our World In Data,https://ourworldindata.org
Outside the Beltway,http://www.outsidethebeltway.com/
Ozy Media,http://www.ozy.com/
Pacific Standard Magazine,https://psmag.com/
PanAm Post,https://panampost.com/
Patriotic Millionaires,https://patrioticmillionaires.org
PBS News Hour,http://www.pbs.org/newshour/
Philadelphia Inquirer,http://www.philly.com/inquirer/
Philadelphia Tribune,http://www.phillytrib.com/
Philippine Daily Inquirer,https://www.inquirer.net/
Phoenix New Times,http://www.phoenixnewtimes.com/
Pluralist,https://www.pluralist.com
Political Critique,http://politicalcritique.org/
Politico,http://www.politico.com/
Politics That Work,http://politicsthatwork.com/
Population Connection,http://www.populationconnection.org
Portland Press-Herald,http://www.pressherald.com/
Portland Tribune,https://pamplinmedia.com
Positive News,https://www.positive.news
Press TV,http://www.presstv.com/
Propublica,https://www.propublica.org/
Prospect Magazine,http://www.prospectmagazine.co.uk/
Providence Journal,http://www.providencejournal.com/
Public Citizen,https://www.citizen.org/
Public Radio International (PRI),http://www.pri.org/
Quartz,http://qz.com/
Radio Free Asia,http://www.rfa.org/english/
Raleigh News &amp; Observer,http://www.newsobserver.com/
RationalWiki,http://rationalwiki.org/wiki/Main_Page
Real News Network,http://therealnews.com/t2/
Religion News Service,http://religionnews.com
Reveal  Center for Investigative Journalism,https://www.revealnews.org/
Right Web,http://rightweb.irc-online.org
Roanoke Times,http://www.roanoke.com/
Rolling Stone,http://www.rollingstone.com/
Roosevelt Institute,http://rooseveltinstitute.org/
Rudaw,http://rudaw.net/english
Sacramento Bee,http://www.sacbee.com/
Salt Lake Tribune,http://www.sltrib.com/
San Antonio Express-News,http://www.mysanantonio.com/
San Diego Free Press,https://sandiegofreepress.org/
San Diego Reader,https://www.sandiegoreader.com
San Francisco Chronicle,http://www.sfchronicle.com/
San Francisco Examiner,http://www.sfexaminer.com
San Francisco Globe,https://sfglobe.com/
San Jose Mercury News,http://www.mercurynews.com/
Santa Barbara Independent,http://www.independent.com/
Santa Fe New Mexican,http://www.santafenewmexican.com
Saudi Gazette,http://saudigazette.com.sa
Scoopwhoop,https://www.scoopwhoop.com
Scroll.in,https://scroll.in/
Seattle Post-Intelligencer,http://www.seattlepi.com/
Seattle Times,http://www.seattletimes.com/
Second Nexus,http://secondnexus.com/
Sentencing Project,https://www.sentencingproject.org/
SFGate,http://www.sfgate.com/
Shame Project,http://shameproject.com/
Sky News,http://news.sky.com/
Sojourners (Soho),https://sojo.net/
SooToday.com,https://www.sootoday.com/
Southern Poverty Law Center,https://www.splcenter.org/
Special Broadcasting Service (SBS),http://www.sbs.com.au/
Spiegel Online,http://www.spiegel.de/international/
Star-Ledger,http://www.nj.com/starledger/
Staten Island Advance,http://www.silive.com/
StepFeed,https://stepfeed.com
St. Louis Post-Dispatch,http://www.stltoday.com/
Stocks News Daily,http://stocksnewsdaily.com/
StopFake,http://www.stopfake.org/
St. Paul Pioneer Press,http://www.twincities.com/
Stuff,https://www.stuff.co.nz/
SWI  Swissinfo.ch,https://www.swissinfo.ch/
Syrian Observatory for Human Rights (SOHR),http://www.syriahr.com/en/
Tablet Magazine,http://www.tabletmag.com/
Tax Justice Network,https://www.taxjustice.net/
Tax Policy Center,http://www.taxpolicycenter.org
TechCrunch,https://techcrunch.com
Techdirt,https://www.techdirt.com
Texas Monthly,https://www.texasmonthly.com
The Sun Magazine,http://thesunmagazine.org/
Tampa Bay Times,http://www.tampabay.com/
The Age (Australia),http://www.theage.com.au/
The Automatic Earth,https://www.theautomaticearth.com/
The Baffler,https://thebaffler.com/
The Budapest Beacon,https://budapestbeacon.com/
The Century Foundation,https://tcf.org/
The Christian Left,http://www.thechristianleft.org/
The Citizen (Australia),https://www.thecitizen.org.au
The Council of Canadians,https://canadians.org/
The Courier-Journal,http://www.courier-journal.com/
The Daily Climate,http://www.dailyclimate.org/
The Daily Tarheel,http://www.dailytarheel.com/
The Economic Times,http://economictimes.indiatimes.com/
The European Council on Foreign Relations (ECFR),http://www.ecfr.eu/
The Fifth Column,http://thefifthcolumnnews.com/
The Forward,http://forward.com/
The Guardian,https://www.theguardian.com/us
The Herald (Everett),http://www.heraldnet.com/
The Hill,http://thehill.com/
The Hindu,http://newsite.thehindu.com/
The Independent,http://www.independent.co.uk/us
The Intercept,https://theintercept.com/
The Interpreter (Magazine),http://www.interpretermag.com/
The Irish Times,http://www.irishtimes.com/
The Irrawaddy,http://www.irrawaddy.com/
The Jerusalem Report,http://www.jpost.com/Jerusalem-Report
The Journal News,http://www.lohud.com/
The Korea Times,http://www.koreatimes.co.kr
The Local (Norway),http://www.thelocal.no/
The Moderate Voice,http://themoderatevoice.com/
The Monthly (Australia),https://www.themonthly.com.au/
The Nation Institute,http://www.nationinstitute.org/
The Nevada Independent,https://thenevadaindependent.com
The New Arab,https://www.alaraby.co.uk/english
The News-Times (Danbury),https://www.newstimes.com/
The News Tribune,http://www.thenewstribune.com/
The New Tropic,https://thenewtropic.com
The Next Web (TNW),https://thenextweb.com
The Observer,https://www.theguardian.com/observer
The Olympian,http://www.theolympian.com
The Oslo Times,http://www.theoslotimes.com/
The Patriot-News,http://www.pennlive.com/
The Plain Dealer,http://www.cleveland.com/plaindealer/
The Press Democrat,http://www.pressdemocrat.com
The Pulse,http://pulsegulfcoast.com/
,http://www.theoslotimes.com/
The Record (NJ),http://www.northjersey.com/
The Ringer,https://www.theringer.com
The Saturday Paper,https://www.thesaturdaypaper.com.au/
The State,http://www.thestate.com/
The Stranger,http://www.thestranger.com/
The Sun Magazine,http://thesunmagazine.org/
The Sydney Morning Herald,http://www.smh.com.au/
The Tab,https://thetab.com/
The Trace,https://www.thetrace.org
The Tyee,https://thetyee.ca/
The Varsity,https://thevarsity.ca/
The Verge,http://www.theverge.com/
The Virginian Pilot,http://pilotonline.com/
The Week,http://theweek.com/
The Wilderness Society,http://wilderness.org/
The Wire India,https://thewire.in/
The Zero Hour,http://www.thisisthezerohour.com/
Thomson Reuters Foundation,http://news.trust.org/
Time,http://time.com/
Times-Colonist,http://www.timescolonist.com/
Times Headline,http://www.timesheadline.com
Times of Israel,http://www.timesofisrael.com/
Times-Picayune,http://www.nola.com/
Timeline,https://timeline.com
TomDispatch.com,http://www.tomdispatch.com/
To Inform is to Influence,https://toinformistoinfluence.com/
Toronto Star,https://www.thestar.com/
UAWire,https://uawire.org/
Unicorn Riot,http://www.unicornriot.ninja/
United Federation of Teachers (UFT),http://www.uft.org/
University Business,https://www.universitybusiness.com/
Urban Institute,http://www.urban.org/
US News World Report,http://www.usnews.com/
USA Today,http://www.usatoday.com/
Utah Public Radio (UPR),http://upr.org
Vancouver Sun,http://vancouversun.com/
Vice News,https://www.vice.com/
VoteVets.org,http://www.votevets.org/
Vulture,http://www.vulture.com
Wall Street on Parade,http://wallstreetonparade.com/
Washington Blade,http://www.washingtonblade.com/
Washington Post,https://www.washingtonpost.com/
WGN News,http://wgntv.com/
Windsor Star,http://windsorstar.com/
Wings Over Scotland,https://wingsoverscotland.com
Wired Magazine,https://www.wired.com/
WNYC,http://www.wnyc.org/
World Affairs Journal,http://www.worldaffairsjournal.org/
WorldCrunch,https://www.worldcrunch.com/
World Policy Institute,http://www.worldpolicy.org/
Xinhua News Agency,http://www.xinhuanet.com/english/home.htm
Yahoo News,https://www.yahoo.com/news/?ref=gs
YnetNews,http://www.ynetnews.com/
York Daily Record,http://www.ydr.com/
Youth Radio</p>,https://youthradio.org/
