Name,Domain
Act.TV,http://act.tv
Addicting Info,http://addictinginfo.com
Advocate,http://www.advocate.com/
Akkadian Times,http://akkadiantimes.com
Alliance for Justice (AFJ),https://www.afj.org/
All That&#8217;s Fab,http://www.allthatsfab.com/
Alternet,http://www.alternet.org/
Amandla,http://aidc.org.za/amandla-media/
AmericaBlog,http://americablog.com/
American Bridge 21st Century,https://americanbridgepac.org/
American News X,http://americannewsx.com/
Americans United for Separation of Church and State,http://www.au.org/
Angry White Men,https://angrywhitemen.org
Anti-Fascist News,https://antifascistnews.net/
AutoStraddle,https://www.autostraddle.com/
Backed by Fact,http://backedbyfact.com/
Baltimore City Paper,http://www.citypaper.com/
Bay Area Reporter,http://www.ebar.com/
Being Liberal,https://www.themaven.net/beingliberal
Bitch Media,https://bitchmedia.org/
Black Agenda Report,http://blackagendareport.com/
Black Lives Matter,http://blacklivesmatter.com/
Blue Dot Daily,http://www.bluedotdaily.com/
Blue Nation Review,http://bluenationreview.com/
Blue State Daily,https://bluestatedaily.com
Boing Boing,http://boingboing.net/
Boston Review,http://bostonreview.net
Breitbart Unmasked,http://www.breitbartunmasked.com/
Bust Magazine,http://bust.com/
Canadian Dimension,https://canadiandimension.com/
Carbonated TV,http://www.carbonated.tv/
Care2,https://www.care2.com
Center For American Progress,https://www.americanprogress.org/
Center for Media and Democracy (PR Watch),http://www.prwatch.org/cmd
Certified Politics,http://certifiedpolitics.com
Change.org,https://www.change.org/
Chicago Reader,http://www.chicagoreader.com/
Chronicles of Democracy,http://www.chroniclesofdemocracy.com/
Citizen Critics,https://citizencritics.org
CNN,http://www.cnn.com/
Code Pink,http://www.codepink.org/
Common Dreams,http://www.commondreams.org/
Content News,http://content.news
Cosmopolitan,http://www.cosmopolitan.com/
CounterCurrents.org,http://www.countercurrents.org/
CounterPunch,http://www.counterpunch.org/
CrimethInc,https://crimethinc.com/
Crooked Media,https://crooked.com/
Crooks and Liars,http://crooksandliars.com/
Current Affairs Magazine,https://www.currentaffairs.org/
Curve Magazine,http://www.curvemag.com
Daily 49er,http://www.daily49er.com/
Daily Beast,http://www.thedailybeast.com/
Daily Dems,https://www.dailydems.com/
Daily Dot,http://www.dailydot.com/
Daily Kos,http://www.dailykos.com/
Daily Mirror,http://www.mirror.co.uk/
Daily News Bin,http://www.dailynewsbin.com/
Daily Record (Scotland),http://www.dailyrecord.co.uk/
Dallas Voice,http://www.dallasvoice.com/
DC Tribune,http://dctribune.org
Deadspin,https://deadspin.com/
Dead State,http://deadstate.org/
DeathandTaxes,http://www.deathandtaxesmag.com/
Deep Left Field,http://deepleftfield.info/
DeepStateNation.com,http://deepstatenation.com
Democracy Chronicles,https://democracychronicles.org/author/tawfik/
Democracy Guardian,https://democracyguardian.com
Democracy Now,http://www.democracynow.org/
Democratic Underground,http://www.democraticunderground.com/
DeSmogBlog,https://www.desmogblog.com/
Die Hard Democrat,http://dieharddemocrat.com/
Dissent Magazine,https://www.dissentmagazine.org/
Drudge Retort,http://www.drudge.com/
Earth First! Journal,http://earthfirstjournal.org/
Economy in Crisis,http://economyincrisis.org/
EgbertoWillies.com,https://egbertowillies.com/
Electoral-Vote.com,https://www.electoral-vote.com
Electronic Intifada,https://electronicintifada.net/
Elisabeth Parker,http://elisabethparker.com/
Elite Daily,http://elitedaily.com/
Esquire Magazine,http://www.esquire.com/
Everyday Feminism,http://everydayfeminism.com/
Evonomics,http://evonomics.com/
ExtraNewsFeed,https://extranewsfeed.com
Feminist Current,http://www.feministcurrent.com
Feministing,http://feministing.com/
Fifth Estate,https://www.fifthestate.org/
Filming Cops,http://filmingcops.com/
First Post,http://www.firstpost.com/
Foreign Policy Journal,https://www.foreignpolicyjournal.com
Foreign Policy News,http://foreignpolicynews.org
Forward Progressives,http://www.forwardprogressives.com/
Free Press,http://freepress.org/
Free Rein News,http://frnewsreport.com
Freedom News and Journal,https://freedomnews.org.uk/
FStv (Freespeech.org),https://www.freespeech.org/
Gizmodo,http://gizmodo.com/
Global Voices,https://globalvoices.org/
Globe Today,http://www.globetoday.com/
Good Magazine,https://www.good.is/
GOPOPCALYPSE,http://www.gopocalypse.org/
GQ Magazine,http://www.gq.com/
Grasping Reality withat least three Hands: Bradford DeLong,http://www.bradford-delong.com/
Green Left Weekly,https://www.greenleft.org.au
Greenville Gazette,http://www.greenvillegazette.com/
Groopspeak,http://news.groopspeak.com/
Guardian Liberty Voice,http://guardianlv.com/
Guardians of Democracy,https://theguardiansofdemocracy.com/
Happy Foxie,http://happy-foxie.com/
Hill Reporter,https://hillreporter.com
Huffington Post (HuffPost),http://www.huffingtonpost.com/
Human Rights Campaign (HRC),https://www.hrc.org
Impeach Donald Trump,http://www.impeachdjtnow.com/
In Defence of Marxism,https://www.marxist.com/
Independent Reporter (Ir.Net),http://ir.net/
Inequality Media,https://www.inequalitymedia.org/
Informed Comment (Juan Cole),https://www.juancole.com
Institute for Policy Studies,http://www.ips-dc.org
International Viewpoint,http://www.internationalviewpoint.org/
In These Times,http://inthesetimes.com/
Intrepid Report,http://www.intrepidreport.com/
Iowa Starting Line,https://iowastartingline.com
It&#8217;s Going Down,https://itsgoingdown.org/
Jacobin,https://www.jacobinmag.com/
Jezebel,http://jezebel.com/
Latest.com,https://latest.com
Lavender Magazine,http://www.lavendermagazine.com/
Left Action,http://leftaction.com/
Left Foot Forward,https://leftfootforward.org/
Left Over Rights,http://leftoverrights.com/
LeftScoop,https://www.leftscoop.com/
Left Side of History,http://www.leftsideofhistory.com/
Left Voice,http://www.leftvoice.org
Left Wing Nation,http://leftwingnation.org/
LGBTQ Nation,http://www.lgbtqnation.com/
Libcom.org,http://libcom.org
Liberal America,http://www.liberalamerica.org/
Liberal Examiner,https://www.liberalexaminer.com/
Liberals Unite (Samuel Warde),http://samuel-warde.com/
Liberation News,https://www.liberationnews.org/
Little Green Footballs.,http://littlegreenfootballs.com/
Love Knowledge,http://loveknowledge.org/
Mashable,http://mashable.com/
Mean Left Hook,http://meanlefthook.com/
Mediaite,http://www.mediaite.com/
Media Matters,http://mediamatters.org/
Meduza,https://meduza.io/en
Merry Jane,https://www.merryjane.com/
Miami New Times,http://www.miaminewtimes.com/
Middle East Monitor,https://www.middleeastmonitor.com/
Modern Liberals,http://modernliberals.com/
Molad The Center for the Renewal of Israeli Democracy,http://www.molad.org/en/
Mondoweiss,http://mondoweiss.net/
Moon of Alabama,http://www.moonofalabama.org/
Mother Jones,http://www.motherjones.com/
Move On,http://front.moveon.org/
Ms. (Magazine),http://www.msmagazine.com/
MSNBC,http://www.msnbc.com/
Nap-Sack,http://nap-sack.org/
Nation of Change,http://www.nationofchange.org/
New Internationalist,https://newint.org/
New Politics Magazine,http://newpol.org/
New Republic,https://newrepublic.com/
New Statesman,http://www.newstatesman.com/
New York Magazine,http://nymag.com/
New Yorker,http://www.newyorker.com/
News Corpse,http://newscorpse.com/
NewsHounds,http://www.newshounds.us/
NewsLogue,http://www.newslogue.com/
Newsweek,http://www.newsweek.com/
North99,https://north99.org/
Nova Magazine,https://www.nova-magazine.net
Now Magazine,https://nowtoronto.com/
NowThis News,https://nowthisnews.com/
Occupy.com,https://www.occupy.com
One Green Planet,http://www.onegreenplanet.org
OpEdNews (OEN),https://www.opednews.com/
Our Voice NY,https://ourvoiceny.com
Palmer Report,http://www.palmerreport.com/
Paste Magazine,https://www.pastemagazine.com/
Peacock Panache,http://www.peacock-panache.com
People for the American Way (PFAW),http://www.pfaw.org
People Magazine,http://people.com/politics/
PINAC (Photography is not a Crime),https://photographyisnotacrime.com/
Pink News,http://www.pinknews.co.uk/home/
Political Dig,http://politicaldig.com/
Political Updater,http://politicalupdater.com/
Politicususa,http://www.politicususa.com/
Politizoom,https://politizoom.com
Popular Resistance,https://popularresistance.org/
Pravda Report,http://www.pravdareport.com/
Press Progress,https://www.pressprogress.ca/
Progressive Army,http://progressivearmy.com
Progressive Liberal,https://www.progressiveliberal.net
Project Censored,http://projectcensored.org/
Proud Democrat,http://proudemocrat.com/
PutinTrump.org,http://putintrump.org/
Queerty,https://www.queerty.com
Rabble.ca,http://rabble.ca/
Rantt Media,https://rantt.com
Rappler,http://www.rappler.com/
Raw Progressive,http://www.rawprogressive.com/
Raw Story,http://www.rawstory.com/
Reading the Pictures,http://www.readingthepictures.org
Reader Supported News (RSN),http://readersupportednews.org
Red Pepper,http://www.redpepper.org.uk/
Red State Disaster,https://redstatedisaster.com
Red Youth,https://redyouth.org/
Republicans Suck,http://republicanssucks.org
Republic Report,https://www.republicreport.org
Resilience (Post Carbon Institute),https://www.resilience.org
Rewire,https://rewire.news/
Revcom.us,http://revcom.us/
Reverb Press,http://reverbpress.news/
Revere Press,http://reverepress.com
Revolution News,http://revolution-news.com/
Right Wing Watch,http://www.rightwingwatch.org/
Ring of Fire,https://trofire.com/
Salon,http://www.salon.com/
Scary Mommy,http://www.scarymommy.com/
Shadow Proof,https://shadowproof.com
Shareblue,http://shareblue.com/
Slate,http://www.slate.com/
Smirking Chimp,http://www.smirkingchimp.com/
Socialist Standard,http://www.worldsocialism.org/spgb/
SocialistWorker.org,https://socialistworker.org/
SourceWatch,http://www.sourcewatch.org/index.php/SourceWatch
Sparks/CnnTimes,http://www.cnntimes.online/
Splinter,https://splinternews.com
St. Pete for Peace,https://www.stpete4peace.org/
Syriana Analysis,http://www.syriana-analysis.com
Talking Points Memo,http://talkingpointsmemo.com/
TakePart,http://www.takepart.com/
TeleSUR,http://www.telesurtv.net/english/
The American Independent Institute,http://americanindependent.com/
The American Prospect,http://prospect.org/
The Austin Chronicle,https://www.austinchronicle.com
The Blue Route,http://www.blue-route.org/blog/
The Burning Spear,http://www.theburningspear.com/
The Canary (UK),http://www.thecanary.co/
The Climate Reality Project,https://www.climaterealityproject.org/
The Daily Banter,http://thedailybanter.com/
The Daily Buzz,http://the-daily.buzz/
The Daily Vox,https://www.thedailyvox.co.za/
The Democratic Hub,http://www.democratichub.com/
The Establishment,https://theestablishment.co
The Florida Squeeze,https://thefloridasqueeze.com/
The Frisky,http://www.thefrisky.com/
The Fucking News,http://thefingnews.com/
TheGrio,http://thegrio.com/
TheImproper Magazine,https://www.theimproper.com
The Intellectualist,https://theintellectualist.co/
The Lily,https://www.thelily.com/
The London Economic,https://www.thelondoneconomic.com
The Mary Sue,https://www.themarysue.com
The Militant,http://www.themilitant.com/
The Morning Star,http://www.morningstaronline.co.uk/rss.xml
The Nation,https://www.thenation.com/
The National Memo,http://www.nationalmemo.com/
The New Civil Rights Movement,http://www.thenewcivilrightsmovement.com/
The Outline,https://theoutline.com/
The Progressive,http://www.progressive.org/
The Progressive Frontier,https://progressivefrontier.com
The Reality-Based Community,http://www.samefacts.com/
The Root,http://www.theroot.com/
The Source Newpaper (La Source),http://thelasource.com/en/
The Stern Facts,https://thesternfacts.com/
The Texas Observer,https://www.texasobserver.org
The Village Voice,http://www.villagevoice.com/
The Walrus,https://thewalrus.ca/
The World Can&#8217;t Wait,https://worldcantwait.net/
TheosWatch.com,http://theoswatch.com
Think Progress,http://thinkprogress.org/
This,https://this.org/
Towleroad,http://www.towleroad.com/
Tribune UK,http://www.tribunemagazine.org/
Truth Against the Machine,https://truthagainstthemachine.com
Truthdig,http://www.truthdig.com/
Truth Out,http://www.truth-out.org/
Uproxx,http://uproxx.com/
Upworthy,https://www.upworthy.com/
US Political Post,http://theuspoliticalpost.com/
US Uncut,http://usuncut.com/
Vanity Fair,http://www.vanityfair.com/
Verified Politics,http://verifiedpolitics.com
Verrit,https://verrit.com
Vermont Independent,http://www.vermontindependent.org/
Viral Title,http://viraltitle.com
Vote,http://vote.us.org/
Vox,http://www.vox.com/
Washington Daily Wire,http://www.washingtondailywire.com
Washington Journal (Not C-Span),http://washingtonjournal.com/
Washington Monthly,http://washingtonmonthly.com/
Washington Press,http://washingtonpress.com
Washington Sources,http://washingtonsources.org
Wear Your Voice,https://wearyourvoicemag.com
What Matters News,http://whatmattersnews.com/
Who.What.Why,https://whowhatwhy.org/
Wonkette,http://wonkette.com/
Workers World,http://www.workers.org/
World Socialist Web Site,http://www.wsws.org/
Yes Magazine,http://www.yesmagazine.org/
Young Turks,https://tytnetwork.com/
Your Black World,http://yourblackworld.net
Z Magazine,https://zcomm.org/zmag/
