Name,Domain
1600 Daily,https://www.whitehouse.gov/1600daily
2ndVote,https://2ndvote.com/
Acculurated,https://acculturated.com
Accuracy in Academia,https://www.academia.org
Accuracy in Media (AIM),http://www.aim.org/
Acting Man,http://www.acting-man.com/
Against Crony Capitalism,https://www.ac2news.com
Alpha News,http://alphanewsmn.com/
Allen B. West,http://www.allenbwest.com/
AltNewsMedia.net,https://altnewsmedia.net
American Center for Law  Justice (ACLJ),https://aclj.org/
American Consequences,https://americanconsequences.com
American Enterprise Institute,https://www.aei.org/
American Greatness,https://amgreatness.com
Americans for Prosperity,http://americansforprosperity.org
American Legislative Exchange Council (ALEC),https://www.alec.org
American Liberty Report,http://www.americanlibertyreport.com
American Military News,https://americanmilitarynews.com
American News 24/7,https://www.americandailynews.org/
American News Hub,https://www.americanewshub.com
American Spectator,http://spectator.org/
American Thinker,http://www.americanthinker.com/
American Web Media (AWM),http://awm.com/
Ammoland,http://www.ammoland.com/
Anadolu Agency,https://www.aa.com.tr
Arizona Daily Independent,https://arizonadailyindependent.com
Assyrian International News Agency (AINA),http://www.aina.org/aboutaina.html
Bearing Arms,https://bearingarms.com/
Being Libertarian,https://beinglibertarian.com/
Beliefnet,http://www.beliefnet.com
Big Government News,http://biggovernment.news/index.html
Big League Politics,http://bigleaguepolitics.com/
Bizpac Review,http://www.bizpacreview.com/
Blue Lives Matter,http://bluelivesmatter.blue/
BrexitCentral,http://brexitcentral.com
Cambridge Analytica,https://ca-political.com
Campaign Life Coalition,http://www.campaignlifecoalition.com/)
Campus Reform,https://www.campusreform.org
Capital Research Center,https://capitalresearch.org/
Chicks on the Right,http://www.chicksontheright.com/
Christian News Alerts,https://www.christiannewsalerts.com
Christian Post,http://www.christianpost.com/
Chronicles (Rockford Institute),https://www.chroniclesmagazine.org/
Church Militant,https://www.churchmilitant.com/
Citizen Free Press,https://www.citizenfreepress.com
Citizens United,http://citizensunited.org/index.aspx
City Journal,http://www.city-journal.org/
Civitas Institute,https://www.nccivitas.org/
Clear Politics,https://www.clear-politics.com/
Cold Dead Hands,http://www.colddeadhands.us/
Commentary Magazine,https://www.commentarymagazine.com/
Conservative Base,https://conservativebase.com/
Conservative Daily News,http://www.conservativedailynews.com/
Conservatives Here,https://www.conservativeshere.com/
Conservative HQ,http://www.conservativehq.com/
Conservative Institute,https://www.conservativeinstitute.org
ConservativeOpinion.com,https://conservativeopinion.com/
Conservative Outfitters,https://www.conservativeoutfitters.com
Conservative Review,https://www.conservativereview.com/
Conservative Today,https://conservativetoday.com
Controversial Times,http://controversialtimes.com/
Cowger Nation,http://cowgernation.com/
Crime Prevention Research Center,http://crimeresearch.org/
Crisis Magazine,http://www.crisismagazine.com/
CSC Mediagroup USA,http://www.cscmediagroupus.com/
Daily Caller,http://dailycaller.com/
Daily Express,http://www.express.co.uk/
Daily Liberator,http://www.thedailyliberator.com/
Daily Mail,http://www.dailymail.co.uk/ushome/index.html
Daily Sabah,http://www.dailysabah.com/
Daily Signal,http://dailysignal.com/
Daily Surge,http://dailysurge.com/
Dangerous,https://www.dangerous.com
DC Statesman,http://www.dcstatesman.com/
DC Whispers,http://dcwhispers.com/
Debate Post,http://debatepost.com/
Deplorables Report,https://deplorablesreport.com
Disobedient Media,http://disobedientmedia.com/
Drudge Report,http://www.drudgereport.com/
Eagle PAC,http://eagleactionreport.com
EconomicPolicyJournal.com,http://www.economicpolicyjournal.com
Energy Citizens,https://energycitizens.org/
Ethics  Religious Liberty Commission,http://erlc.com/
Fact and Logic about the Middle East (FLAME),http://factsandlogic.org/
FaithWire,http://www.faithwire.com
Family Security Matters,http://www.familysecuritymatters.org/rss/terrorism.asp
Far Left Watch,https://farleftwatch.com
Federalist Press,http://federalistpress.com/
Federalist Society,https://fedsoc.org/
First in Freedom Daily,http://firstinfreedomdaily.com/
First Things Magazine,https://www.firstthings.com
Fox News,http://www.foxnews.com/
Freedom Crossroads,http://freedomcrossroads.com/
Freedom Works,http://www.freedomworks.org/
Free Republic,http://www.freerepublic.com
Free West Media,http://freewestmedia.com/
Frontiers of Freedom,https://www.ff.org
Foundation for Defense of Democracies,http://www.defenddemocracy.org
Future in America,http://www.futureinamerica.com/news
Gatestone Institute,https://www.gatestoneinstitute.org/
Get Religion,https://www.getreligion.org/
GOP.com,https://www.gop.com/
GOPUSA,http://www.gopusa.com/
Government Accountability Institute,http://www.g-a-i.org/
Guerrilla News,https://www.guerrilla.news
Guido Fawkes,https://order-order.com
Heartland Institute,https://www.heartland.org/
Heat Street,http://heatst.com/
Heritage Foundation,http://www.heritage.org/
HermanCain.com,https://www.hermancain.com/
Hillary Daily,https://hillarydaily.com/
Hot Air,http://hotair.com/
Hudson Institute,http://www.hudson.org/
Human Events,http://humanevents.com/
Imprimis (Hillsdale College),https://imprimis.hillsdale.edu
Independent Journal Review,https://ijr.com/
Independent Sentinel,http://www.independentsentinel.com/
Independent Womens Forum  IWF,http://iwf.org/
Illinois Policy Institute,https://www.illinoispolicy.org/
Intellectual Takout,http://www.intellectualtakeout.org/
I Bleed Red White and Blue,http://ibleedredwhiteblue.com/
iPatriot,http://ipatriot.com
Institute for Family Studies,https://ifstudies.org
Investors Business Daily,http://www.investors.com/
Jewish Policy Center,https://www.jewishpolicycenter.org/
Jewish World Review,http://www.jewishworldreview.com/
Judicial Crisis Network,https://judicialnetwork.com/
Kansas Policy Institute (KPI),https://kansaspolicy.org
Keep and Bear,https://keepandbear.com
Knox Report,http://knoxreport.com/
Legal Insurrection,http://legalinsurrection.com/
Liberty Hangout,http://libertyhangout.org/
Liberty Headlines,http://www.libertyheadlines.com/
Liberty Nation,https://www.libertynation.com
Liberty News,http://libertynews.com/
LibertyTalk.FM,http://libertytalk.fm/
Life and About,https://lifeandabout.com/
Life Decisions International,http://fightpp.org
Life News,http://www.lifenews.com/
Life Site News,https://www.lifesitenews.com/
LifeZette,http://www.lifezette.com/
Lone Conservative,https://loneconservative.com
Lyin Comey,https://www.lyincomey.com/
Louder with Crowder,http://louderwithcrowder.com/
Manchester Union Leader,http://www.unionleader.com/
Media Circus,https://www.mediacircus.com/
Media Equalizer,https://mediaequalizer.com/
Media Research Center,http://www.mrc.org/
Mehr News Agency,https://en.mehrnews.com
Mercatornet,https://www.mercatornet.com
National Center for Public Policy Research,http://www.nationalcenter.org/
National Review,http://www.nationalreview.com/
National Rifle Association (NRA),https://home.nra.org/
New Boston Post,http://newbostonpost.com
Newbusters,http://www.newsbusters.org/
Newsmax,http://www.newsmax.com/
New Revolution Now,http://www.newrevolutionnow.org/
New York Observer,http://observer.com/
Next News Network,http://nextnewsnetwork.com/
Not Liberal,http://notliberal.com
NTK Network,https://ntknetwork.com
Numbers USA,https://www.numbersusa.com/
Offended America,http://offendedamerica.com/
Offgrid Survival,https://offgridsurvival.com/
One America News Network,http://www.oann.com/
OneNewsNow,http://www.onenewsnow.com/
Ontario Proud,https://www.ontarioproud.ca
OpsLens,http://www.opslens.com/
Patriot News Daily,http://patriotnewsdaily.com/
PatriotRetort.com,http://patriotretort.com
PJ Media,https://pjmedia.com/
Policy Review,http://www.hoover.org/publications/policy-review
Political Insider,http://www.thepoliticalinsider.com/
Politichicks,http://politichicks.com/
PoliticsNote,http://politicsnote.com
Politifeed,http://politifeed.net
Politisite,http://politi.site
Populist Wire,https://www.populistwire.com
Power Line,http://www.powerlineblog.com/
Project Veritas,http://projectveritas.com/
Proud Conservatives,http://conservativesus.party
Public Interest Legal Foundation,https://publicinterestlegal.org/
Quadrant Magazine,https://quadrant.org.au
Readers Digest,https://www.rd.com
Red Alert Politics,http://redalertpolitics.com/
Red Flag News,http://www.redflagnews.com/
Regated News,https://regated.com/
Renewed Right,https://renewedright.com
Resistance Media,http://www.resistancemedia.org/
Restore American Glory,http://www.restoreamericanglory.com/
Ricochet,https://ricochet.com
Ron Paul Liberty Report,http://www.ronpaullibertyreport.com/
Save Jersey,https://savejersey.com
Secure America Now,http://www.secureamericanow.org/
Sentinel KSMO,https://sentinelksmo.org
Silence is Consent,http://silenceisconsent.net/
Sinclair Broadcast Group,http://sbgi.net/
Sonoran News,http://sonorannews.com/
Spiked Magazine,http://spiked-online.com/
Standpoint Magazine,http://www.standpointmag.co.uk
Tasnim News Agency,https://www.tasnimnews.com
Tea Party News (TPNN),http://www.westernjournalism.com/thepoint/
Tea Party Patriots,http://www.teapartypatriots.org/
Tea Party Tribune,http://www.teapartytribune.com/
Tehran Times,http://www.tehrantimes.com</a></span></p>
The Advertiser/Adelaide Now,http://www.adelaidenow.com.au/
The American Cause,http://www.theamericancause.org/
The Blacksphere,http://theblacksphere.net/
The Blaze,http://www.theblaze.com/
The California Republican,http://carepublican.com
The Citizens Press,https://thecitizenpress.com
The College Fix,http://www.thecollegefix.com/
The Conservative Nut,https://www.theconservativenut.gop
The Conservative Woman,https://www.conservativewoman.co.uk
The Daily Defender,http://thedailydefender.com/
The Daily Telegraph (Australia),http://www.dailytelegraph.com.au/
The Daily Wire,http://www.dailywire.com/
The DC Chronicle,https://dc-chronicle.com
The Federalist,http://thefederalist.com/
The Hayride,http://thehayride.com/
The Last Refuge,https://theconservativetreehouse.com/
The Millennial Review,https://themilreview.com/
The New American,http://www.thenewamerican.com/
The Newly Press,http://newlypress.com
The Ohio Star,http://theohiostar.com/
The Patriot Post,https://patriotpost.us/
The Post and Email,http://www.thepostemail.com/
The Post Millennial,https://www.thepostmillennial.com
The RANTidote,http://therantidote.com/
The Real Strategy,https://therealstrategy.com/
The Rebel,http://www.therebel.media/
The Resurgent,http://theresurgent.com/
The Right Scoop,http://therightscoop.com/
The Ron Paul Institute,http://www.ronpaulinstitute.org/
The Sun,https://www.thesun.co.uk/
The Tennessee Star,http://tennesseestar.com/
The Truth About Guns,http://www.thetruthaboutguns.com/
Toronto Sun,http://www.torontosun.com/news/rss.xml
Townhall,http://townhall.com/
Tribunist,http://tribunist.com/
TRT World,https://www.trtworld.com
Turning Point USA,https://www.turningpoint.news/
Twitchy,http://twitchy.com/
Unbiased America,http://www.unbiasedamerica.com/
Unity News Network,https://unitynewsnetwork.co.uk
UN Watch,https://www.unwatch.org
US Politics Info,https://uspoliticsinfo.com/
USA Politics Today,http://www.usapoliticstoday.com/
USSA News,http://ussanews.com
Vessel News,http://vesselnews.io/
VivaLiberty,http://www.vivaliberty.com/
Washington Examiner,http://www.washingtonexaminer.com/
Washington Free Beacon,http://freebeacon.com/
Weasel Zippers,http://www.weaselzippers.us/
Weekly Standard,http://www.weeklystandard.com/
Western Free Press,http://www.westernfreepress.com/
Western Journalism,https://www.westernjournal.com/
Whatfinger,http://www.whatfinger.com/
WND (World Net Daily),http://www.wnd.com/
World Magazine,https://world.wng.org/
World Tribune,http://worldtribune.com/
YellowHammer News,http://yellowhammernews.com/
Young Americas Foundation (YAF),https://www.yaf.org
Young Conservatives</p>,http://www.youngcons.com/
