Name,Domain
9 News (Australia),http://www.9news.com.au/
71 Republic,https://71republic.com/
AL.com (Alabama News),http://www.al.com/
American Action Forum,https://www.americanactionforum.org/
American Council on Science and Health,http://acsh.org/
American Firearms Institute,http://www.americanfirearms.org
American Foreign Policy Council,http://www.afpc.org/
Americas Quarterly,http://www.americasquarterly.org/
Anti-War,http://antiwar.com/
Arab News,http://www.arabnews.com/
Arizona Republic,http://www.azcentral.com/
Arkansas Democrat-Gazette,http://www.arkansasonline.com/
Armstrong Economics,https://www.armstrongeconomics.com
Arutz Sheva (Israel National News),http://www.israelnationalnews.com/
Billings Gazette,http://billingsgazette.com
Bipartisan Policy Center,https://bipartisanpolicy.org
Boston Herald,http://www.bostonherald.com/
Breaking Defense,http://breakingdefense.com/
Breakthrough Institute,https://thebreakthrough.org
Calgary Sun,http://www.calgarysun.com/
California Political Review,http://www.capoliticalreview.com/
Campaign for Liberty,http://campaignforliberty.org/
Canadian Jewish News,http://www.cjnews.com/
Canadian Taxpayers Federation,http://www.taxpayer.com/
Cato Institute,http://www.cato.org/
Center for a Stateless Society,https://c4ss.org/
Center for the National Interest,http://cftni.org/
Check Your Fact,http://checkyourfact.com/
Chicago Tribune,http://www.chicagotribune.com/
Christianity Today,http://www.christianitytoday.com/
Cincinnati Enquirer,http://www.cincinnati.com/
Circa News,http://circa.com/
Colorado Springs Gazette,http://gazette.com/
Columbia Daily Herald,http://www.columbiadailyherald.com/
Columbus Dispatch,http://www.dispatch.com/
Communities Digital News,http://www.commdiginews.com/
Competitive Enterprise Institute,https://cei.org/
Council on Foreign Relations,http://www.cfr.org/
Daily Herald,http://www.dailyherald.com/
Daily Press,http://www.dailypress.com/
Daily Telegraph,http://www.telegraph.co.uk/
Dallas Morning News,http://www.dallasnews.com/
Deccan Chronicle,https://www.deccanchronicle.com/
Deseret News,http://www.deseretnews.com/
Desert Sun,http://www.desertsun.com/
Detroit News,http://www.detroitnews.com/
de Volkskrant,https://www.volkskrant.nl/
Downsizing the Federal Government,https://www.downsizinggovernment.org
Duluth News Tribune,https://www.duluthnewstribune.com
EC Journal,https://www.theecjournal.com/
Edmonton Sun,http://www.edmontonsun.com/
Ethics and Public Policy Center (EPPC),https://eppc.org/
Faith Family America,http://www.faithfamilyamerica.com
Financial Post,http://www.financialpost.com/
FitsNews,https://www.fitsnews.com/
Florida Times Union,http://jacksonville.com/
Forbes,https://www.forbes.com/
Foreign Policy Initiative,http://www.foreignpolicyi.org/
Foreign Policy Research Institute,http://www.fpri.org/
Fortnight Review,http://fortnightlyreview.co.uk/
Fortune Magazine,http://fortune.com/
Fort Bend Herald,http://www.fbherald.com/
Fort Worth Star-Telegram,http://www.star-telegram.com/
Foundation for Economic Education,https://fee.org/
Franklin Center for Government and Public Integrity,http://franklincenterhq.org/
Fraser Institute,https://www.fraserinstitute.org/
Freedom House,https://freedomhouse.org/
Grand Rapids Press,http://www.mlive.com/grand-rapids/
Group of Thirty,http://group30.org/
Gulf News,http://gulfnews.com/
Guns.com,http://www.guns.com
Herald-Sun (Australia),http://www.heraldsun.com.au/
Heterodox Academy,https://heterodoxacademy.org
High Point Enterprise,http://www.hpenews.com/
Hindu Business Line,http://www.thehindubusinessline.com/
Honest Reporting,http://honestreporting.com/
Hoover Institution,http://www.hoover.org/
Human Progress,http://humanprogress.org/
In Homeland Security,https://inhomelandsecurity.com
InsideSources,http://www.insidesources.com
Institute for Humane Studies,https://theihs.org/
Irish Independent,http://www.independent.ie/
Israel Hayom,http://www.israelhayom.com/site/today.php
ITV News,http://www.itv.com/news/
Japan Today,https://www.japantoday.com/
Jewish Breaking News,http://jewishbreakingnews.com
Jewish News Syndicate (JNS),https://www.jns.org
Just Facts,http://www.justfacts.com/
Just Facts Daily,http://www.justfactsdaily.com/
Korea Herald,http://www.koreaherald.com/
KUTV Salt Lake City,http://kutv.com/
Las Vegas Review Journal,http://www.reviewjournal.com/
Learn Liberty,http://www.learnliberty.org/
Lexington Institute,http://lexingtoninstitute.org/
Liberty Viral,https://libertyviral.com/
London Broadcasting Company (LBC),http://www.lbc.co.uk
London Evening Standard,http://www.standard.co.uk/
London Free Press,http://www.lfpress.com/
Los Angeles Daily News,http://www.dailynews.com/
Lynx Media,https://lynx.media/
Mackinac Center for Public Policy,http://www.mackinac.org/
Manhattan Institute for Policy Research,http://www.manhattan-institute.org/
Manila Times,http://www.manilatimes.net/news/
Military Times,http://www.militarytimes.com/
Mises Daily,https://mises.org/
MyNorthwest,http://mynorthwest.com
National Affairs Magazine,https://www.nationalaffairs.com
National Interest,http://nationalinterest.org/
National Post,http://www.nationalpost.com/index.html
Netherlands Radio and Television Association (NOS),https://nos.nl
New York Post,http://nypost.com/
News-Gazette,http://www.news-gazette.com/
News Heist,http://newsheist.com/
Newsline,https://newsline.com/
News Rescue,http://newsrescue.com/
NTD.TV (New Tang Dynasty),http://www.ntd.tv/
Odessa American,http://www.oaoa.com
Oil Price,http://oilprice.com/
Omaha World Herald,http://www.omaha.com/
Orange County Register,http://www.ocregister.com/
Oregonian,http://www.oregonlive.com/
Orlando Sentinel,http://www.orlandosentinel.com/
Ottawa Citizen,http://ottawacitizen.com/
Pacific Research Institute,http://www.pacificresearch.org/home/
Peninsula Daily News,http://www.peninsuladailynews.com/
Pittsburgh Post-Gazette,http://www.post-gazette.com/
Pittsburgh Tribune Review,http://triblive.com/
PolicyED.org,https://www.policyed.org/
Post-Bulletin,http://www.postbulletin.com/
PunchingBag Post,http://punchingbagpost.com/
Quillette,http://quillette.com/
R Street Institute,http://www.rstreet.org/
Rare,http://rare.us/
Rasmussen Reports,http://www.rasmussenreports.com/
Reagan Battalion,http://www.thereaganbattalion.com
Real Clear Defense,http://www.realcleardefense.com/
Real Clear Investigations,http://www.realclearinvestigations.com/
Real Clear Policy,http://www.realclearpolicy.com/
Real Clear Politics,http://www.realclearpolitics.com/
Real Clear Religion,https://www.realclearreligion.org
Reason,http://reason.com/
Red River Valley News,http://www.valleynewslive.com/
Regina Leader-Post,https://leaderpost.com
Regulation Magazine,http://www.cato.org/regulation/
Remington Research Group,https://remingtonresearchgroup.com
Republic World,http://www.republicworld.com/
Richmond Times-Dispatch,http://www.richmond.com/
RT News,https://www.rt.com/news/
Russia Insider,http://russia-insider.com/en
Russian News Agency-TASS,http://tass.com/
Salem Radio Network News (SRN News),http://www.srnnews.com/
San Bernardino Sun,https://www.sbsun.com
Saskatoon StarPhoenix,http://thestarphoenix.com/
Savannah Morning News,http://savannahnow.com/
SOFREP,https://sofrep.com/
South Florida Sun-Sentinel,http://www.sun-sentinel.com/
Spokesman-Review,http://www.spokesman.com/
Sputnik News,http://sputniknews.com/
,http://www.star-telegram.com/
Statesman Journal,http://www.statesmanjournal.com/
Strategic Culture Foundation,http://www.strategic-culture.org/rss.html
Student Daily News,https://www.studentnewsdaily.com/
Swarajya,https://swarajyamag.com/
Tallahassee Democrat,http://www.tallahassee.com/
Tampa Tribune,http://www.tbo.com/
Tax Foundation,http://taxfoundation.org/
Tharawat Magazine,http://www.tharawat-magazine.com/
The Algemeiner Journal,https://www.algemeiner.com/
The American Conservative,http://www.theamericanconservative.com/
The American Interest,http://www.the-american-interest.com/
The Augusta Chronicle,http://chronicle.augusta.com/
The Australian,http://www.theaustralian.com.au/
The Chronicle Herald,http://thechronicleherald.ca/
The Courier-Mail,http://www.couriermail.com.au/
The Daily Citizen,http://www.daltondailycitizen.com/
The Durango Herald,https://durangoherald.com
The Epoch Times,http://www.theepochtimes.com/
The Fiscal Times,http://www.thefiscaltimes.com/
The Gazette (Cedar Rapids),http://www.thegazette.com/
The Globe and Mail (Toronto),http://www.theglobeandmail.com/
The Independent Review,http://www.independent.org/
The Jack News,https://www.thejacknews.com
The Jamestown Foundation,http://www.jamestown.org/
The Japan News,http://the-japan-news.com/
The Jewish Press,http://www.jewishpress.com/
The Libertarian Republic,http://thelibertarianrepublic.com/
The Nation Pakistan,http://nation.com.pk/
The National (UAE),http://www.thenational.ae/
The New Atlantis,http://www.thenewatlantis.com/
The News Lens,https://international.thenewslens.com/
The Objective Standard,https://www.theobjectivestandard.com
The Oklahoman,http://www.oklahoman.com/live
The Press-Enterprise,http://www.pe.com/
The Quint,https://www.thequint.com/
The Smoking Gun,http://www.thesmokinggun.com/
The Spectator (UK),http://www.spectator.co.uk/
The Straits Times,http://www.straitstimes.com/global
The Tennessean,http://www.tennessean.com/
The Times Herald (Port Huron),https://www.thetimesherald.com
The West Australian,https://thewest.com.au/
Times of London,http://www.thetimes.co.uk/
Times News (Pennsylvania),https://www.tnonline.com
Times of South Africa (Times Live),https://www.timeslive.co.za/
Toledo Blade,http://www.toledoblade.com/
Topeka Capital-Journal,http://www.cjonline.com/
Tulsa World,http://www.tulsaworld.com/
ValueWalk,http://www.valuewalk.com/
Wall Street Journal,http://www.wsj.com/
Washington Babylon,http://washingtonbabylon.com
Washington Times,http://www.washingtontimes.com/
Watchdog.org,http://watchdog.org/
Waterbury Republican-American,http://www.rep-am.com/
WestMonster,http://www.westmonster.com/
Wichita Eagle,http://www.kansas.com/
WikiLeaks,https://www.wikileaks.org/
Williamsport Sun-Gazette,http://www.sungazette.com/
Winston-Salem Journal</p>,http://www.journalnow.com/
